Gene,Amino_Acid,Type
HA,91,human-adaptation
HA,137,human-adaptation
HA,154,pathogenicity
HA,158,host-adaptation
HA,160,human-adaptation
HA,172,human-adaptation
HA,182,human-adaptation
HA,192,human-adaptation
HA,209,human-adaptation
HA,228,human-adaptation
HA,234,virulence
HA,240,mammal-adaptation
HA,336,pathogenicity
HA,337,virulence
MP,30,virulence
MP,139,virulence
MP,207,virulence
MP,77,virulence
MP,43,antiviral-resistance
MP,215,virulence
NA,110,mammal-adaptation
NA,57,virulence
NA,71,host-adaptation
NA,295,antiviral-resistance
NA,438,antiviral-resistance
NA,453,mammal-adaptation
NP,319,mammal-adaptation
NS,42,host-adaptation
NS,91,pathogenicity
NS,92,pathogenicity
NS,93,pathogenicity
NS,94,pathogenicity
NS,95,pathogenicity
NS,99,virulence
NS,101,virulence
NS,103,human-adaptation
NS,106,human-adaptation
NS,125,pathogenicity
NS,205,virulence
NS,229,virulence
PA,37,mammal-adaptation
PA,383,mammal-adaptation
PA,409,mammal-adaptation
PB1,3,mammal-adaptation
PB1,622,virulence
PB2,271,mammal-adaptation
PB2,158,mammal-adaptation
PB2,389,mammal-adaptation
PB2,591,human-adaptation
PB2,598,mammal-adaptation
PB2,627,increase-virulence
PB2,631,mammal-adaptation
PB2,701,mammal-adaptation
NA,55,virulence
NA,67,virulence
NA,70,host-adaptation
NP,105,pathogenicity
PB2,495,mammal-adaptation